C:\Users\adria\Documents\GitHub\OptixProjectCMake\Scenes\SwordShield\Nerf240p\clouds-sunshine_2K_09c69240-8e00-4b23-896f-fcde6fd514cc\images\render_Camera_Back_1.png,clouds-sunshine_2K_09c69240-8e00-4b23-896f-fcde6fd514cc
C:\Users\adria\Documents\GitHub\OptixProjectCMake\Scenes\SwordShield\Nerf240p\clouds-sunshine_2K_09c69240-8e00-4b23-896f-fcde6fd514cc\images\render_Camera_Back Right_2.png,clouds-sunshine_2K_09c69240-8e00-4b23-896f-fcde6fd514cc
C:\Users\adria\Documents\GitHub\OptixProjectCMake\Scenes\SwordShield\Nerf240p\clouds-sunshine_2K_09c69240-8e00-4b23-896f-fcde6fd514cc\images\render_Camera_Right_3.png,clouds-sunshine_2K_09c69240-8e00-4b23-896f-fcde6fd514cc
C:\Users\adria\Documents\GitHub\OptixProjectCMake\Scenes\SwordShield\Nerf240p\clouds-sunshine_2K_09c69240-8e00-4b23-896f-fcde6fd514cc\images\render_Camera_Front Right_4.png,clouds-sunshine_2K_09c69240-8e00-4b23-896f-fcde6fd514cc
C:\Users\adria\Documents\GitHub\OptixProjectCMake\Scenes\SwordShield\Nerf240p\clouds-sunshine_2K_09c69240-8e00-4b23-896f-fcde6fd514cc\images\render_Camera_Front_5.png,clouds-sunshine_2K_09c69240-8e00-4b23-896f-fcde6fd514cc
C:\Users\adria\Documents\GitHub\OptixProjectCMake\Scenes\SwordShield\Nerf240p\clouds-sunshine_2K_09c69240-8e00-4b23-896f-fcde6fd514cc\images\render_Camera_Front Left_6.png,clouds-sunshine_2K_09c69240-8e00-4b23-896f-fcde6fd514cc
C:\Users\adria\Documents\GitHub\OptixProjectCMake\Scenes\SwordShield\Nerf240p\clouds-sunshine_2K_09c69240-8e00-4b23-896f-fcde6fd514cc\images\render_Camera_Left_7.png,clouds-sunshine_2K_09c69240-8e00-4b23-896f-fcde6fd514cc
C:\Users\adria\Documents\GitHub\OptixProjectCMake\Scenes\SwordShield\Nerf240p\clouds-sunshine_2K_09c69240-8e00-4b23-896f-fcde6fd514cc\images\render_Camera_Back Left_8.png,clouds-sunshine_2K_09c69240-8e00-4b23-896f-fcde6fd514cc
C:\Users\adria\Documents\GitHub\OptixProjectCMake\Scenes\SwordShield\Nerf240p\clouds-sunshine_2K_09c69240-8e00-4b23-896f-fcde6fd514cc\images\render_Camera_Top Back_9.png,clouds-sunshine_2K_09c69240-8e00-4b23-896f-fcde6fd514cc
C:\Users\adria\Documents\GitHub\OptixProjectCMake\Scenes\SwordShield\Nerf240p\clouds-sunshine_2K_09c69240-8e00-4b23-896f-fcde6fd514cc\images\render_Camera_Top Back Right_10.png,clouds-sunshine_2K_09c69240-8e00-4b23-896f-fcde6fd514cc
C:\Users\adria\Documents\GitHub\OptixProjectCMake\Scenes\SwordShield\Nerf240p\clouds-sunshine_2K_09c69240-8e00-4b23-896f-fcde6fd514cc\images\render_Camera_Top Right_11.png,clouds-sunshine_2K_09c69240-8e00-4b23-896f-fcde6fd514cc
C:\Users\adria\Documents\GitHub\OptixProjectCMake\Scenes\SwordShield\Nerf240p\clouds-sunshine_2K_09c69240-8e00-4b23-896f-fcde6fd514cc\images\render_Camera_Top Front Right_12.png,clouds-sunshine_2K_09c69240-8e00-4b23-896f-fcde6fd514cc
C:\Users\adria\Documents\GitHub\OptixProjectCMake\Scenes\SwordShield\Nerf240p\clouds-sunshine_2K_09c69240-8e00-4b23-896f-fcde6fd514cc\images\render_Camera_Top Front_13.png,clouds-sunshine_2K_09c69240-8e00-4b23-896f-fcde6fd514cc
C:\Users\adria\Documents\GitHub\OptixProjectCMake\Scenes\SwordShield\Nerf240p\clouds-sunshine_2K_09c69240-8e00-4b23-896f-fcde6fd514cc\images\render_Camera_Top Front Left_14.png,clouds-sunshine_2K_09c69240-8e00-4b23-896f-fcde6fd514cc
C:\Users\adria\Documents\GitHub\OptixProjectCMake\Scenes\SwordShield\Nerf240p\clouds-sunshine_2K_09c69240-8e00-4b23-896f-fcde6fd514cc\images\render_Camera_Top Left_15.png,clouds-sunshine_2K_09c69240-8e00-4b23-896f-fcde6fd514cc
C:\Users\adria\Documents\GitHub\OptixProjectCMake\Scenes\SwordShield\Nerf240p\clouds-sunshine_2K_09c69240-8e00-4b23-896f-fcde6fd514cc\images\render_Camera_Top Back Left_16.png,clouds-sunshine_2K_09c69240-8e00-4b23-896f-fcde6fd514cc
C:\Users\adria\Documents\GitHub\OptixProjectCMake\Scenes\SwordShield\Nerf240p\clouds-sunshine_2K_09c69240-8e00-4b23-896f-fcde6fd514cc\images\render_Camera_Top_17.png,clouds-sunshine_2K_09c69240-8e00-4b23-896f-fcde6fd514cc
