C:\Users\adria\Documents\GitHub\OptixProjectCMake\Scenes\SwordShield\Nerf\images\render_Camera_Back_1.png,
C:\Users\adria\Documents\GitHub\OptixProjectCMake\Scenes\SwordShield\Nerf\images\render_Camera_Back Right_2.png,
C:\Users\adria\Documents\GitHub\OptixProjectCMake\Scenes\SwordShield\Nerf\images\render_Camera_Right_3.png,
C:\Users\adria\Documents\GitHub\OptixProjectCMake\Scenes\SwordShield\Nerf\images\render_Camera_Front Right_4.png,
C:\Users\adria\Documents\GitHub\OptixProjectCMake\Scenes\SwordShield\Nerf\images\render_Camera_Front_5.png,
C:\Users\adria\Documents\GitHub\OptixProjectCMake\Scenes\SwordShield\Nerf\images\render_Camera_Front Left_6.png,
C:\Users\adria\Documents\GitHub\OptixProjectCMake\Scenes\SwordShield\Nerf\images\render_Camera_Left_7.png,
C:\Users\adria\Documents\GitHub\OptixProjectCMake\Scenes\SwordShield\Nerf\images\render_Camera_Back Left_8.png,
C:\Users\adria\Documents\GitHub\OptixProjectCMake\Scenes\SwordShield\Nerf\images\render_Camera_Top Back_9.png,
C:\Users\adria\Documents\GitHub\OptixProjectCMake\Scenes\SwordShield\Nerf\images\render_Camera_Top Back Right_10.png,
C:\Users\adria\Documents\GitHub\OptixProjectCMake\Scenes\SwordShield\Nerf\images\render_Camera_Top Right_11.png,
C:\Users\adria\Documents\GitHub\OptixProjectCMake\Scenes\SwordShield\Nerf\images\render_Camera_Top Front Right_12.png,
C:\Users\adria\Documents\GitHub\OptixProjectCMake\Scenes\SwordShield\Nerf\images\render_Camera_Top Front_13.png,
C:\Users\adria\Documents\GitHub\OptixProjectCMake\Scenes\SwordShield\Nerf\images\render_Camera_Top Front Left_14.png,
C:\Users\adria\Documents\GitHub\OptixProjectCMake\Scenes\SwordShield\Nerf\images\render_Camera_Top Left_15.png,
C:\Users\adria\Documents\GitHub\OptixProjectCMake\Scenes\SwordShield\Nerf\images\render_Camera_Top Back Left_16.png,
C:\Users\adria\Documents\GitHub\OptixProjectCMake\Scenes\SwordShield\Nerf\images\render_Camera_Top_17.png,
